test_loss,val_acc,epoch,step
1.6638630628585815,0.20000000298023224,0,0
