test_loss,val_acc,epoch,step
1.5910362005233765,0.4000000059604645,0,0
