test_loss,val_acc,epoch,step
1.6335856914520264,0.20000000298023224,0,0
